{"id":"28b6000e-e090-4e08-81f2-21427b147038","version":null,"rules":[{"id":"088ba37f-19b9-4364-b9a9-6dba155a4664","scope":null,"value":"0.0","mode":"set","key":"SwatTimeWithWeaponUpBeforeFiring","field":null,"clamp_min":null,"clamp_max":null},{"id":"c31bf45c-0612-4302-9211-66567c0d0c72","scope":null,"value":"0","mode":"set","key":"MaxTraps","field":null,"clamp_min":null,"clamp_max":null},{"id":"a72f1025-49b9-4635-ab2f-81ec500e7e6c","scope":null,"value":"0","mode":"set","key":"MinSuspects_Group3","field":null,"clamp_min":null,"clamp_max":null},{"id":"66c12195-3348-4884-b291-3bbfd8b0e38e","scope":null,"value":"0","mode":"set","key":"MinCivilians","field":null,"clamp_min":null,"clamp_max":null},{"id":"cf23935f-fe0a-478b-8b7e-269a705fdc90","scope":null,"value":"5000","mode":"set","key":"SwatHealth","field":null,"clamp_min":null,"clamp_max":null},{"id":"89fd019c-863f-42f1-995a-17bfac56a757","scope":null,"value":"0","mode":"set","key":"MaxMeleeSuspects","field":null,"clamp_min":null,"clamp_max":null},{"id":"074eda9f-b81c-46db-94f9-99968d1bdbe0","scope":null,"value":"0","mode":"set","key":"MinFlees","field":null,"clamp_min":null,"clamp_max":null},{"id":"cd2512f9-4f70-41a0-8651-dfd41fc34c01","scope":null,"value":"0","mode":"set","key":"MinSuspects_Group12","field":null,"clamp_min":null,"clamp_max":null},{"id":"7ed10351-8c42-4d7c-9e05-41cb0d0098da","scope":null,"value":"2","mode":"set","key":"MinSuspects_Group1","field":null,"clamp_min":null,"clamp_max":null},{"id":"201c8c5c-2974-482d-a945-db58349d5351","scope":null,"value":"0.1","mode":"set","key":"SuspectKnifeFakeForwardChance","field":null,"clamp_min":null,"clamp_max":null},{"id":"76c125ff-2350-4fd1-a985-b0c40241ec78","scope":null,"value":"85","mode":"set","key":"ChanceToPlayVoicelineWhenHeardSwat","field":null,"clamp_min":null,"clamp_max":null},{"id":"7b5664d6-1101-4618-be10-de2c2c599451","scope":null,"value":"3","mode":"set","key":"MaxSuspects_Group0","field":null,"clamp_min":null,"clamp_max":null},{"id":"8575e337-d63a-4664-887a-edfff3f34c6c","scope":null,"value":"12","mode":"set","key":"StunHealth","field":null,"clamp_min":null,"clamp_max":null},{"id":"29b56635-10b6-44a9-8b2e-ce1e8f885588","scope":null,"value":"0","mode":"set","key":"MinSuspects_Group8","field":null,"clamp_min":null,"clamp_max":null},{"id":"da5d969c-8c8a-4e61-b920-49a20ba9939b","scope":null,"value":"0","mode":"set","key":"MaxExplosiveVestSuspects","field":null,"clamp_min":null,"clamp_max":null},{"id":"cc2c4584-48b3-4c17-8b0b-e931b1cb3f39","scope":null,"value":"30","mode":"set","key":"SuspectDefaultFireRate","field":null,"clamp_min":null,"clamp_max":null},{"id":"f607a56b-3917-4917-b49b-0e1deeb43997","scope":null,"value":"0.3","mode":"set","key":"MaxMorale","field":null,"clamp_min":null,"clamp_max":null},{"id":"5d7b8d95-ffb1-4bb4-8366-60e082cc6e61","scope":null,"value":"0","mode":"set","key":"MaxSuspects_Group4","field":null,"clamp_min":null,"clamp_max":null},{"id":"cf5acc1d-6432-4b0a-b7bb-849f260963ab","scope":null,"value":"15","mode":"set","key":"AIStunDuration","field":null,"clamp_min":null,"clamp_max":null},{"id":"a08a7fdf-296f-4158-8106-cb06c1e832ec","scope":null,"value":"50","mode":"set","key":"SuspectAccuracy","field":null,"clamp_min":null,"clamp_max":null},{"id":"de256d48-47d2-46fd-bbe5-835de09962b7","scope":null,"value":"30","mode":"set","key":"SuspectHealth","field":null,"clamp_min":null,"clamp_max":null},{"id":"e2d1e3b6-0680-4889-8ce3-66cc9bb5c068","scope":null,"value":"0","mode":"set","key":"MaxSuspects_Group13","field":null,"clamp_min":null,"clamp_max":null},{"id":"f544a1cf-747d-4bd6-a50f-722a842311f2","scope":null,"value":"0.0","mode":"set","key":"SwatAccuracy","field":null,"clamp_min":null,"clamp_max":null},{"id":"7ab77775-da45-4413-ac60-69892ddb0650","scope":null,"value":"8","mode":"set","key":"MaxSuspects","field":null,"clamp_min":null,"clamp_max":null},{"id":"572c10d6-ac8a-43c7-a650-30f835471fd6","scope":null,"value":"300","mode":"set","key":"TimeToFireAtDoorAfterKick","field":"x","clamp_min":null,"clamp_max":null},{"id":"10da8b56-44f7-40e0-8ad6-0b5a3b19a392","scope":null,"value":"1","mode":"set","key":"MaxWorldBuildingActivities","field":null,"clamp_min":null,"clamp_max":null},{"id":"10603d68-f691-4448-b83d-48ab2ea925f1","scope":null,"value":"0","mode":"set","key":"MinSuspects_Group6","field":null,"clamp_min":null,"clamp_max":null},{"id":"cdd7393b-3770-42c8-875e-c800d1b309f0","scope":null,"value":"0","mode":"set","key":"MaxSuspects_Group5","field":null,"clamp_min":null,"clamp_max":null},{"id":"32546dcc-f379-409b-8876-23c7abc1d0db","scope":null,"value":"0","mode":"set","key":"MaxSuspects_Group8","field":null,"clamp_min":null,"clamp_max":null},{"id":"90a1b21d-c0f1-4fa0-bd38-2c993c215c87","scope":null,"value":"3","mode":"set","key":"GunShotForgetTime","field":null,"clamp_min":null,"clamp_max":null},{"id":"40968be7-50fe-41b6-9ce0-0be48dd26cbe","scope":null,"value":"3","mode":"set","key":"MaxFlees","field":null,"clamp_min":null,"clamp_max":null},{"id":"a37d3d77-c5f8-4076-93cb-fe7357a2590c","scope":null,"value":"85","mode":"set","key":"ChanceToMisfireGunWhenStartled","field":null,"clamp_min":null,"clamp_max":null},{"id":"ec89ce1e-1b00-4b09-b626-efeff521bc9b","scope":null,"value":"0","mode":"set","key":"MinSuspects_Group9","field":null,"clamp_min":null,"clamp_max":null},{"id":"efcc4c52-5620-4835-bd73-b78b849e57a9","scope":null,"value":"1","mode":"set","key":"DamageCap","field":null,"clamp_min":null,"clamp_max":null},{"id":"d25331d9-f696-4f0d-a633-afdb23803766","scope":null,"value":"3","mode":"set","key":"MaxSuspects_Group1","field":null,"clamp_min":null,"clamp_max":null},{"id":"1a34c3c4-86f4-4f32-a423-a86de4363900","scope":null,"value":"0","mode":"set","key":"MaxSuspects_Group11","field":null,"clamp_min":null,"clamp_max":null},{"id":"996e051b-627d-401f-a961-94e974916791","scope":null,"value":"150","mode":"set","key":"SuspectTimeWithWeaponUpBeforeFiring","field":null,"clamp_min":null,"clamp_max":null},{"id":"40416139-5543-4246-bc82-e5a12ae858af","scope":null,"value":"500","mode":"set","key":"CivilianHealth","field":null,"clamp_min":null,"clamp_max":null},{"id":"8e222795-5ee6-4694-a91a-cac3d6cdedd5","scope":null,"value":"0","mode":"set","key":"MinExplosiveVestSuspects","field":null,"clamp_min":null,"clamp_max":null},{"id":"06100a8c-48ce-4f32-b3b3-9b9efac07548","scope":null,"value":"3","mode":"set","key":"MaxSuspects_Group2","field":null,"clamp_min":null,"clamp_max":null},{"id":"bc9c895e-7458-4ed4-b9da-0461c61ae921","scope":null,"value":"0","mode":"set","key":"MaxSuspects_Group10","field":null,"clamp_min":null,"clamp_max":null},{"id":"94cd09be-3d2a-4057-95e7-5d419c5415f4","scope":null,"value":"0","mode":"set","key":"MinSuspects_Group5","field":null,"clamp_min":null,"clamp_max":null},{"id":"9d7ee50c-38e8-4b79-bbfd-1c2082875b5f","scope":null,"value":"2","mode":"set","key":"MinSuspects","field":null,"clamp_min":null,"clamp_max":null},{"id":"9d5de011-ef83-4030-96d9-a10f3720be07","scope":null,"value":"25","mode":"set","key":"GunShotReactionTime","field":null,"clamp_min":null,"clamp_max":null},{"id":"09c30bb3-2433-4e6c-9f81-b7167013fbf4","scope":null,"value":"0","mode":"set","key":"MaxSuspects_Group6","field":null,"clamp_min":null,"clamp_max":null},{"id":"272059a5-d8f4-4f5e-9849-2c2e9ad4bc8e","scope":null,"value":"0","mode":"set","key":"MaxSuspects_Group9","field":null,"clamp_min":null,"clamp_max":null},{"id":"3e62663d-57db-4062-9977-098bacd772eb","scope":null,"value":"0","mode":"set","key":"MinSuspects_Group13","field":null,"clamp_min":null,"clamp_max":null},{"id":"2cabf4ff-35ef-49c7-956c-7d05ecaad23e","scope":null,"value":"7","mode":"set","key":"MaxCivilians","field":null,"clamp_min":null,"clamp_max":null},{"id":"ddb05abb-3e32-4e49-9921-c0cd28cb30c9","scope":null,"value":"0","mode":"set","key":"MaxRoamers","field":null,"clamp_min":null,"clamp_max":null},{"id":"dd5ee177-07ff-4134-a233-cbfbbe103891","scope":null,"value":"0","mode":"set","key":"MaxSuspects_Group12","field":null,"clamp_min":null,"clamp_max":null},{"id":"de44b93b-9cd4-4847-99be-1e942de0b052","scope":null,"value":"0.1","mode":"set","key":"SWATRequiredTimeSpentOnTarget","field":null,"clamp_min":null,"clamp_max":null},{"id":"d8d6d783-68ea-480a-8b00-8468a79adedc","scope":null,"value":"65","mode":"set","key":"SuspectChanceToSpawnWithNoWeapon","field":null,"clamp_min":null,"clamp_max":null},{"id":"48a37c2b-46af-490c-8a84-e7412e5c17b0","scope":null,"value":"0","mode":"set","key":"MinExplosiveVestCivilians","field":null,"clamp_min":null,"clamp_max":null},{"id":"1fc224bf-1e07-411b-b1c0-58d3630655df","scope":null,"value":"2","mode":"set","key":"MinSuspects_Group0","field":null,"clamp_min":null,"clamp_max":null},{"id":"370074ce-2d6d-4363-9e88-ccad8ed5b226","scope":null,"value":"0","mode":"set","key":"MinSuspects_Group10","field":null,"clamp_min":null,"clamp_max":null},{"id":"02a37aea-086a-4baf-a1fc-c3c5f6f9b2db","scope":null,"value":"20","mode":"set","key":"SuspectRequiredTimeSpentOnTarget","field":null,"clamp_min":null,"clamp_max":null},{"id":"695e9785-356b-48c5-9e7b-d1a88c01be79","scope":null,"value":"0","mode":"set","key":"MinSuspects_Group11","field":null,"clamp_min":null,"clamp_max":null},{"id":"a81372ae-2896-4703-bcc3-5b1e48da6c32","scope":null,"value":"0","mode":"set","key":"MaxSuspects_Group3","field":null,"clamp_min":null,"clamp_max":null},{"id":"23fa9d06-1a92-4a9b-8384-938a1f0f90b8","scope":null,"value":"0","mode":"set","key":"MinSuspects_Group4","field":null,"clamp_min":null,"clamp_max":null},{"id":"e37cbc0e-cbd9-4b51-9a73-fc85a197d5d7","scope":null,"value":"0","mode":"set","key":"MinSuspects_Group2","field":null,"clamp_min":null,"clamp_max":null},{"id":"c0333562-de7b-4871-91bc-834e5970b8d4","scope":null,"value":"0","mode":"set","key":"MaxExplosiveVestCivilians","field":null,"clamp_min":null,"clamp_max":null}]}