{"id":"1392f955-fca4-45e1-9aef-e0ec1aa7b66f","version":null,"rules":[{"id":"6e285172-fe7e-4e1e-b1c9-dbf62954086a","scope":null,"value":"0.0","mode":"set","key":"SwatTimeWithWeaponUpBeforeFiring","field":null,"clamp_min":null,"clamp_max":null},{"id":"5d8be931-fe38-4bdb-8a8e-d95a54042ffc","scope":null,"value":"0","mode":"set","key":"MaxTraps","field":null,"clamp_min":null,"clamp_max":null},{"id":"ab329292-425c-4480-af06-204f4cef56db","scope":null,"value":"5000","mode":"set","key":"SwatHealth","field":null,"clamp_min":null,"clamp_max":null},{"id":"98b79c47-61ef-4bdd-94cc-e9433c6f2f3a","scope":null,"value":"0.3","mode":"set","key":"SuspectKnifeFakeForwardChance","field":null,"clamp_min":null,"clamp_max":null},{"id":"c9656882-90db-4574-b3b7-5e14335c1223","scope":null,"value":"12","mode":"set","key":"StunHealth","field":null,"clamp_min":null,"clamp_max":null},{"id":"00bda287-cbd3-439f-b99a-9f214e2d0388","scope":null,"value":"20","mode":"set","key":"SuspectDefaultFireRate","field":null,"clamp_min":null,"clamp_max":null},{"id":"d961dfd8-45ee-4108-998e-7a7dd2f71006","scope":null,"value":"0.6","mode":"set","key":"MaxMorale","field":null,"clamp_min":null,"clamp_max":null},{"id":"b4d16573-2389-456f-8fae-0b98bea076c8","scope":null,"value":"15","mode":"set","key":"AIStunDuration","field":null,"clamp_min":null,"clamp_max":null},{"id":"92bee217-63ad-42c7-af66-0aa5fe83ff34","scope":null,"value":"30","mode":"set","key":"SuspectAccuracy","field":null,"clamp_min":null,"clamp_max":null},{"id":"80838f02-3aeb-4fd8-bb5c-cc2fa843fea0","scope":null,"value":"35","mode":"set","key":"SuspectHealth","field":null,"clamp_min":null,"clamp_max":null},{"id":"a5dd6e41-877c-4033-a109-5781b125ebaf","scope":null,"value":"0.0","mode":"set","key":"SwatAccuracy","field":null,"clamp_min":null,"clamp_max":null},{"id":"32f91789-637f-4bc0-8426-73ee71abe8b3","scope":null,"value":"450","mode":"set","key":"TimeToFireAtDoorAfterKick","field":"x","clamp_min":null,"clamp_max":null},{"id":"dd727d6f-d909-4c62-8d94-4995eab963bc","scope":null,"value":"5","mode":"set","key":"GunShotForgetTime","field":null,"clamp_min":null,"clamp_max":null},{"id":"cc43e8cc-4ecd-44dc-8b3d-6b51914cca29","scope":null,"value":"90","mode":"set","key":"ChanceToMisfireGunWhenStartled","field":null,"clamp_min":null,"clamp_max":null},{"id":"845dfd4c-ab0d-431e-9bea-6f0084b3dc23","scope":null,"value":"1","mode":"set","key":"DamageCap","field":null,"clamp_min":null,"clamp_max":null},{"id":"df958442-5fae-4fb7-b700-72d0a31656ae","scope":null,"value":"100","mode":"set","key":"SuspectTimeWithWeaponUpBeforeFiring","field":null,"clamp_min":null,"clamp_max":null},{"id":"a614eb9d-4140-4c75-9f85-908f68eb6721","scope":null,"value":"500","mode":"set","key":"CivilianHealth","field":null,"clamp_min":null,"clamp_max":null},{"id":"323a8f38-fe07-40ab-870d-6c2942bd6a97","scope":null,"value":"20","mode":"set","key":"GunShotReactionTime","field":null,"clamp_min":null,"clamp_max":null},{"id":"23f40004-ff5b-4cdb-97c7-d52353af75f7","scope":null,"value":"0.1","mode":"set","key":"SWATRequiredTimeSpentOnTarget","field":null,"clamp_min":null,"clamp_max":null},{"id":"2e3b30be-40c3-428a-8239-9e58bb46b278","scope":null,"value":"50","mode":"set","key":"SuspectChanceToSpawnWithNoWeapon","field":null,"clamp_min":null,"clamp_max":null},{"id":"2b9c0b64-857d-4360-8d9d-449fef07a760","scope":null,"value":"17","mode":"set","key":"SuspectRequiredTimeSpentOnTarget","field":null,"clamp_min":null,"clamp_max":null}]}